service,key,layer
wfs,administratif,ADMINEXPRESS-COG.LATEST:arrondissement
wfs,administratif,ADMINEXPRESS-COG.LATEST:arrondissement_municipal
wfs,administratif,ADMINEXPRESS-COG.LATEST:canton
wfs,administratif,ADMINEXPRESS-COG.LATEST:chflieu_arrondissement_municipal
wfs,administratif,ADMINEXPRESS-COG.LATEST:chflieu_commune
wfs,administratif,ADMINEXPRESS-COG.LATEST:chflieu_commune_associee_ou_deleguee
wfs,administratif,ADMINEXPRESS-COG.LATEST:collectivite_territoriale
wfs,administratif,ADMINEXPRESS-COG.LATEST:commune
wfs,administratif,ADMINEXPRESS-COG.LATEST:commune_associee_ou_deleguee
wfs,administratif,ADMINEXPRESS-COG.LATEST:departement
wfs,administratif,ADMINEXPRESS-COG.LATEST:epci
wfs,administratif,ADMINEXPRESS-COG.LATEST:region
wfs,administratif,ADMINEXPRESS-COG-CARTO.LATEST:arrondissement
wfs,administratif,ADMINEXPRESS-COG-CARTO.LATEST:arrondissement_municipal
wfs,administratif,ADMINEXPRESS-COG-CARTO.LATEST:canton
wfs,administratif,ADMINEXPRESS-COG-CARTO.LATEST:chflieu_arrondissement_municipal
wfs,administratif,ADMINEXPRESS-COG-CARTO.LATEST:chflieu_commune
wfs,administratif,ADMINEXPRESS-COG-CARTO.LATEST:chflieu_commune_associee_ou_deleguee
wfs,administratif,ADMINEXPRESS-COG-CARTO.LATEST:collectivite_territoriale
wfs,administratif,ADMINEXPRESS-COG-CARTO.LATEST:commune
wfs,administratif,ADMINEXPRESS-COG-CARTO.LATEST:commune_associee_ou_deleguee
wfs,administratif,ADMINEXPRESS-COG-CARTO.LATEST:departement
wfs,administratif,ADMINEXPRESS-COG-CARTO.LATEST:epci
wfs,administratif,ADMINEXPRESS-COG-CARTO.LATEST:region
wfs,administratif,LIMITES_ADMINISTRATIVES_EXPRESS.LATEST:arrondissement
wfs,administratif,LIMITES_ADMINISTRATIVES_EXPRESS.LATEST:arrondissement_departemental
wfs,administratif,LIMITES_ADMINISTRATIVES_EXPRESS.LATEST:arrondissement_municipal
wfs,administratif,LIMITES_ADMINISTRATIVES_EXPRESS.LATEST:canton
wfs,administratif,LIMITES_ADMINISTRATIVES_EXPRESS.LATEST:chef_lieu
wfs,administratif,LIMITES_ADMINISTRATIVES_EXPRESS.LATEST:chflieu_arrondissement_municipal
wfs,administratif,LIMITES_ADMINISTRATIVES_EXPRESS.LATEST:chflieu_commune
wfs,administratif,LIMITES_ADMINISTRATIVES_EXPRESS.LATEST:chflieu_commune_associee_ou_deleguee
wfs,administratif,LIMITES_ADMINISTRATIVES_EXPRESS.LATEST:collectivite_territoriale
wfs,administratif,LIMITES_ADMINISTRATIVES_EXPRESS.LATEST:commune
wfs,administratif,LIMITES_ADMINISTRATIVES_EXPRESS.LATEST:commune_associee_ou_deleguee
wfs,administratif,LIMITES_ADMINISTRATIVES_EXPRESS.LATEST:departement
wfs,administratif,LIMITES_ADMINISTRATIVES_EXPRESS.LATEST:epci
wfs,administratif,LIMITES_ADMINISTRATIVES_EXPRESS.LATEST:region
wms-r,administratif,ADMINEXPRESS-COG.LATEST                
wms-r,administratif,ADMINEXPRESS-COG-CARTO.LATEST
wms-r,administratif,LIMITES_ADMINISTRATIVES_EXPRESS.LATEST
wmts,administratif,ADMINEXPRESS-COG.LATEST                
wmts,administratif,ADMINEXPRESS-COG-CARTO.LATEST
wmts,administratif,LIMITES_ADMINISTRATIVES_EXPRESS.LATEST
wfs,adresse,BAN.DATA.GOUV:ban
wfs,adresse,BAN-PLUS:lien_adresse_support
wfs,adresse,BAN-PLUS:lien_adresse_parcelle
wfs,adresse,BAN-PLUS:lien_bati_parcelle
wfs,adresse,BAN-PLUS:lien_adresse_bati
wfs,adresse,BAN-PLUS:adresse
wms-v,adresse,BAN.DATA.GOUV
wfs,agriculture,HYDROGRAPHY.BCAE.LATEST:bcae_cours_eau
wfs,agriculture,PRAIRIES.SENSIBLES.BCAE:prairies_sensibles
wfs,agriculture,RPG.2010:rpg_2010
wfs,agriculture,RPG.2011:rpg_2011
wfs,agriculture,RPG.2012:rpg_2012
wfs,agriculture,RPG.2013:rpg_2013
wfs,agriculture,RPG.2014:ilots_anonymes
wfs,agriculture,RPG.2015:parcelles_graphiques
wfs,agriculture,RPG.2015:ilots_anonymes
wfs,agriculture,RPG.2016:ilots_anonymes
wfs,agriculture,RPG.2016:parcelles_graphiques
wfs,agriculture,RPG.2017:ilots_anonymes
wfs,agriculture,RPG.2017:parcelles_graphiques
wfs,agriculture,RPG.2018:parcelles_graphiques
wfs,agriculture,RPG.2018:ilots_anonymes
wfs,agriculture,RPG.2019:parcelles_graphiques
wfs,agriculture,RPG.2019:ilots_anonymes
wfs,agriculture,RPG.2020:parcelles_graphiques
wfs,agriculture,RPG.2020:ilots_anonymes
wfs,agriculture,RPG.2021:parcelles_graphiques
wfs,agriculture,RPG.2021:ilots_anonymes
wfs,agriculture,RPG.2022:parcelles_graphiques
wfs,agriculture,RPG.2022:codes_cultures
wfs,agriculture,RPG.LATEST:parcelles_graphiques
wfs,agriculture,RPG.LATEST:codes_cultures
wms-r,agriculture,HYDROGRAPHY.BCAE.LATEST
wms-r,agriculture,PRAIRIES.SENSIBLES.BCAE
wms-r,agriculture,GEOGRAPHICALGRIDSYSTEMS.SLOPES.PAC
wms-r,agriculture,LANDUSE.AGRICULTURE2007
wms-r,agriculture,LANDUSE.AGRICULTURE2008
wms-r,agriculture,LANDUSE.AGRICULTURE2009
wms-r,agriculture,LANDUSE.AGRICULTURE2010
wms-r,agriculture,LANDUSE.AGRICULTURE2011
wms-r,agriculture,LANDUSE.AGRICULTURE2012
wms-r,agriculture,LANDUSE.AGRICULTURE2013
wms-r,agriculture,LANDUSE.AGRICULTURE2014
wms-r,agriculture,LANDUSE.AGRICULTURE2015
wms-r,agriculture,LANDUSE.AGRICULTURE2016
wms-r,agriculture,LANDUSE.AGRICULTURE2017
wms-r,agriculture,LANDUSE.AGRICULTURE2018
wms-r,agriculture,LANDUSE.AGRICULTURE2019
wms-r,agriculture,LANDUSE.AGRICULTURE2020
wms-r,agriculture,LANDUSE.AGRICULTURE2021
wms-r,agriculture,LANDUSE.AGRICULTURE2022
wms-r,agriculture,LANDUSE.AGRICULTURE.LATEST
wmts,agriculture,HYDROGRAPHY.BCAE.LATEST
wmts,agriculture,PRAIRIES.SENSIBLES.BCAE
wmts,agriculture,GEOGRAPHICALGRIDSYSTEMS.SLOPES.PAC
wmts,agriculture,LANDUSE.AGRICULTURE2007
wmts,agriculture,LANDUSE.AGRICULTURE2008
wmts,agriculture,LANDUSE.AGRICULTURE2009
wmts,agriculture,LANDUSE.AGRICULTURE2010
wmts,agriculture,LANDUSE.AGRICULTURE2011
wmts,agriculture,LANDUSE.AGRICULTURE2012
wmts,agriculture,LANDUSE.AGRICULTURE2013
wmts,agriculture,LANDUSE.AGRICULTURE2014
wmts,agriculture,LANDUSE.AGRICULTURE2015
wmts,agriculture,LANDUSE.AGRICULTURE2016
wmts,agriculture,LANDUSE.AGRICULTURE2017
wmts,agriculture,LANDUSE.AGRICULTURE2018
wmts,agriculture,LANDUSE.AGRICULTURE2019
wmts,agriculture,LANDUSE.AGRICULTURE2020
wmts,agriculture,LANDUSE.AGRICULTURE2021
wmts,agriculture,LANDUSE.AGRICULTURE2022
wmts,agriculture,LANDUSE.AGRICULTURE.LATEST
wfs,altimetrie,ELEVATION.CONTOUR.LINE:courbe
wfs,altimetrie,ELEVATIONGRIDCOVERAGE.HIGHRES.QUALITY:source_fra
wms-r,altimetrie,GEOGRAPHICALGRIDSYSTEMS.SLOPES.MOUNTAIN
wms-r,altimetrie,ELEVATION.CONTOUR.LINE
wms-r,altimetrie,ELEVATION.ELEVATIONGRIDCOVERAGE.SHADOW
wms-r,altimetrie,ELEVATION.ELEVATIONGRIDCOVERAGE.HIGHRES.MNS.SHADOW 
wms-r,altimetrie,ELEVATIONGRIDCOVERAGE.HIGHRES.QUALITY
wms-r,altimetrie,ELEVATION.ELEVATIONGRIDCOVERAGE.HIGHRES.MNS
wms-r,altimetrie,ELEVATION.ELEVATIONGRIDCOVERAGE
wms-r,altimetrie,ELEVATION.ELEVATIONGRIDCOVERAGE.SRTM3
wms-r,altimetrie,ELEVATION.ELEVATIONGRIDCOVERAGE.HIGHRES
wms-r,altimetrie,ELEVATION.ELEVATIONGRIDCOVERAGE.THRESHOLD
wms-r,altimetrie,RGEALTI-MNT_PYR-ZIP_FXX_LAMB93_WMS
wms-r,altimetrie,RGEALTI-MNT_PYR-ZIP_GLP_WGS84UTM20_WMS
wms-r,altimetrie,RGEALTI-MNT_PYR-ZIP_MTQ_WGS84UTM20_WMS
wms-r,altimetrie,RGEALTI-MNT_PYR-ZIP_GUF_UTM22RGFG95_WMS
wms-r,altimetrie,RGEALTI-MNT_PYR-ZIP_REU_RGR92UTM40S_WMS
wms-r,altimetrie,RGEALTI-MNT_PYR-ZIP_SPM_RGSPM06U21_WMS
wms-r,altimetrie,RGEALTI-MNT_PYR-ZIP_MYT_RGM04UTM38S_WMS
wms-v,altimetrie,ELEVATIONGRIDCOVERAGE.HIGHRES.QUALITY
wmts,altimetrie,ELEVATION.SLOPES
wmts,altimetrie,GEOGRAPHICALGRIDSYSTEMS.SLOPES.MOUNTAIN
wmts,altimetrie,ELEVATION.CONTOUR.LINE
wmts,altimetrie,ELEVATION.ELEVATIONGRIDCOVERAGE.SHADOW
wmts,altimetrie,ELEVATIONGRIDCOVERAGE.HIGHRES.QUALITY
wmts,altimetrie,ELEVATION.ELEVATIONGRIDCOVERAGE.HIGHRES.MNS
wmts,altimetrie,ELEVATION.ELEVATIONGRIDCOVERAGE
wmts,altimetrie,ELEVATION.ELEVATIONGRIDCOVERAGE.SRTM3
wmts,altimetrie,ELEVATION.ELEVATIONGRIDCOVERAGE.HIGHRES
wmts,altimetrie,ELEVATION.ELEVATIONGRIDCOVERAGE.THRESHOLD
wmts,altimetrie,ELEVATION.LEVEL0
wfs,cartes,GEOGRAPHICALGRIDSYSTEMS.MAPS.SCAN50.1950.GRAPHE:ta_france_cartes_50k_1950_date_wm
wfs,cartes,GEOGRAPHICAL.GRIDSYSTEMS.MAPS.SCAN25.GRAPHE-MOSAIQUAGE:graphe_scan25
wms-r,cartes,GEOGRAPHICALGRIDSYSTEMS.ETATMAJOR10
wms-r,cartes,GEOGRAPHICALGRIDSYSTEMS.ETATMAJOR40
wms-r,cartes,GEOGRAPHICALGRIDSYSTEMS.PLANIGNV2
wms-r,cartes,GEOGRAPHICALGRIDSYSTEMS.MAPS.BDUNI.J1
wms-r,cartes,GEOGRAPHICALGRIDSYSTEMS.TERRIER_V1
wms-r,cartes,GEOGRAPHICALGRIDSYSTEMS.TERRIER_V2
wms-r,cartes,SCAN1000_PYR-JPEG_WLD_WM
wms-r,cartes,GEOGRAPHICALGRIDSYSTEMS.MAPS.SCAN50.1950
wms-r,cartes,SCANDEP_PYR-JPEG_FXX_WM
wms-r,cartes,SCANREG_PYR-JPEG_WLD_WM
wms-v,cartes,GEOGRAPHICALGRIDSYSTEMS.MAPS.SCAN25.GRAPHE-MOSAIQUAGE
wmts,cartes,GEOGRAPHICALGRIDSYSTEMS.BONNE
wmts,cartes,GEOGRAPHICALGRIDSYSTEMS.ETATMAJOR10
wmts,cartes,GEOGRAPHICALGRIDSYSTEMS.ETATMAJOR40
wmts,cartes,GEOGRAPHICALGRIDSYSTEMS.1900TYPEMAPS
wmts,cartes,GEOGRAPHICALGRIDSYSTEMS.MAPS.OVERVIEW
wmts,cartes,GEOGRAPHICALGRIDSYSTEMS.PLANIGNV2
wmts,cartes,GEOGRAPHICALGRIDSYSTEMS.MAPS.BDUNI.J1
wmts,cartes,GEOGRAPHICALGRIDSYSTEMS.TERRIER_V1
wmts,cartes,GEOGRAPHICALGRIDSYSTEMS.TERRIER_V2
wmts,cartes,GEOGRAPHICALGRIDSYSTEMS.MAPS.SCAN50.1950
wfs,cartovecto,BDCARTO_V5:aerodrome
wfs,cartovecto,BDCARTO_V5:arrondissement
wfs,cartovecto,BDCARTO_V5:arrondissement_municipal
wfs,cartovecto,BDCARTO_V5:bassin_versant_topographique
wfs,cartovecto,BDCARTO_V5:cimetiere
wfs,cartovecto,BDCARTO_V5:collectivite_territoriale
wfs,cartovecto,BDCARTO_V5:commune
wfs,cartovecto,BDCARTO_V5:commune_associee_ou_deleguee
wfs,cartovecto,BDCARTO_V5:construction_lineaire
wfs,cartovecto,BDCARTO_V5:construction_ponctuelle
wfs,cartovecto,BDCARTO_V5:construction_surfacique
wfs,cartovecto,BDCARTO_V5:cours_d_eau
wfs,cartovecto,BDCARTO_V5:departement
wfs,cartovecto,BDCARTO_V5:detail_hydrographique
wfs,cartovecto,BDCARTO_V5:detail_orographique
wfs,cartovecto,BDCARTO_V5:epci
wfs,cartovecto,BDCARTO_V5:equipement_de_transport
wfs,cartovecto,BDCARTO_V5:lieu_dit_non_habite
wfs,cartovecto,BDCARTO_V5:ligne_electrique
wfs,cartovecto,BDCARTO_V5:limite_terre_mer
wfs,cartovecto,BDCARTO_V5:noeud_hydrographique
wfs,cartovecto,BDCARTO_V5:occupation_du_sol
wfs,cartovecto,BDCARTO_V5:parc_ou_reserve
wfs,cartovecto,BDCARTO_V5:piste_d_aerodrome
wfs,cartovecto,BDCARTO_V5:plan_d_eau
wfs,cartovecto,BDCARTO_V5:region
wfs,cartovecto,BDCARTO_V5:reservoir
wfs,cartovecto,BDCARTO_V5:rond_point
wfs,cartovecto,BDCARTO_V5:route_numerotee_ou_nommee
wfs,cartovecto,BDCARTO_V5:surface_hydrographique
wfs,cartovecto,BDCARTO_V5:transport_par_cable
wfs,cartovecto,BDCARTO_V5:troncon_de_route
wfs,cartovecto,BDCARTO_V5:troncon_hydrographique
wfs,cartovecto,BDCARTO_V5:voie_ferree_nommee
wfs,cartovecto,BDCARTO_V5:zone_d_activite_ou_d_interet
wfs,cartovecto,BDCARTO_V5:zone_d_habitation
wfs,cartovecto,LABELS.TOURISTIQUES:clef_verte
wfs,cartovecto,LABELS.TOURISTIQUES:communes_touristiques
wfs,cartovecto,LABELS.TOURISTIQUES:pavillon_bleu
wfs,cartovecto,LABELS.TOURISTIQUES:stations_classees
wfs,cartovecto,LABELS.TOURISTIQUES:stations_vertes
wfs,cartovecto,LABELS.TOURISTIQUES:villages_etape
wfs,cartovecto,STATISTICALUNITS.IRIS:contours_iris
wfs,cartovecto,STATISTICALUNITS.IRISGE:iris_ge
wfs,cartovecto,TRACERANDOHIVERNALE:traces_rando_hivernale
wms-v,cartovecto,BDCARTO-ADMINISTRATIF_WLD_WGS84G
wms-v,cartovecto,BDCARTO-BATI_WLD_WGS84G
wms-v,cartovecto,BDCARTO-HYDROGRAPHIE_WLD_WGS84G
wms-v,cartovecto,BDCARTO-LIEUX_NOMMES_WLD_WGS84G
wms-v,cartovecto,BDCARTO-OCCUPATION_DU_SOL_WLD_WGS84G
wms-v,cartovecto,BDCARTO-SERVICE_ET_ACTIVITES_WLD_WGS84G
wms-v,cartovecto,BDCARTO-TRANSPORT_WLD_WGS84G
wms-v,cartovecto,BDCARTO-ZONES_REGLEMENTEES_WLD_WGS84G
wms-v,cartovecto,STATISTICALUNITS.IRIS
wms-v,cartovecto,STATISTICALUNITS.IRISGE
wms-v,cartovecto,CLEFVERTE
wms-v,cartovecto,COMMUNESTOURISTIQUES
wms-v,cartovecto,PAVILLONBLEU
wms-v,cartovecto,STATIONSCLASSEES
wms-v,cartovecto,STATIONSVERTES
wms-v,cartovecto,TRACERANDOHIVERNALE
wms-v,cartovecto,VILLAGESETAPE
wmts,cartovecto,TRACERANDOHIVERNALE
wfs,clc,LANDCOVER.CLC90_FR:clc90_fr
wfs,clc,LANDCOVER.CLC00_FR:clc00_fr
wfs,clc,LANDCOVER.CLC00_DOM:clc00_dom
wfs,clc,LANDCOVER.CLC0OR_FR:clc00r_fr
wfs,clc,LANDCOVER.CLC06_FR:clc06_fr
wfs,clc,LANDCOVER.CLC06_DOM:clc06_dom
wfs,clc,LANDCOVER.CLC06R_FR:clc06r_fr
wfs,clc,LANDCOVER.CLC06R_DOM:clc06r_dom
wfs,clc,LANDCOVER.CLC12_FR:clc12_fr
wfs,clc,LANDCOVER.CLC12_DOM:clc12_dom
wfs,clc,LANDCOVER.CLC12R_FR:clc12r_fr
wfs,clc,LANDCOVER.CLC12R_DOM:clc12r_dom
wfs,clc,LANDCOVER.CLC18_FR:clc18_fr
wfs,clc,LANDCOVER.CLC18_DOM:clc18_dom
wfs,clc,LANDCOVER.CHA00_FR:cha00_fr
wfs,clc,LANDCOVER.CHA06_FR:cha06_fr
wfs,clc,LANDCOVER.CHA06_DOM:cha06_dom
wfs,clc,LANDCOVER.CHA12_FR:cha12_fr
wfs,clc,LANDCOVER.CHA12_DOM:cha12_dom
wfs,clc,LANDCOVER.CHA18_FR:cha18_fr
wfs,clc,LANDCOVER.CHA18_DOM:cha18_dom
wms-r,clc,LANDCOVER.CLC90_FR
wms-r,clc,LANDCOVER.GRID.CLC90_FR
wms-r,clc,LANDCOVER.CLC00_FR
wms-r,clc,LANDCOVER.GRID.CLC00
wms-r,clc,LANDCOVER.GRID.CLC00_FR
wms-r,clc,LANDCOVER.GRID.CLC00_DOM
wms-r,clc,LANDCOVER.GRID.CLC00R_FR
wms-r,clc,LANDCOVER.CLC00_DOM
wms-r,clc,LANDCOVER.CLC00R_FR
wms-r,clc,LANDCOVER.CLC06_FR
wms-r,clc,LANDCOVER.GRID.CLC06
wms-r,clc,LANDCOVER.GRID.CLC06_FR
wms-r,clc,LANDCOVER.GRID.CLC06_DOM
wms-r,clc,LANDCOVER.GRID.CLC06R
wms-r,clc,LANDCOVER.GRID.CLC06R_FR
wms-r,clc,LANDCOVER.GRID.CLC06R_DOM
wms-r,clc,LANDCOVER.CLC06_DOM
wms-r,clc,LANDCOVER.CLC06R_FR
wms-r,clc,LANDCOVER.CLC06R_DOM
wms-r,clc,LANDCOVER.CLC12_FR
wms-r,clc,LANDCOVER.GRID.CLC12
wms-r,clc,LANDCOVER.CLC12_DOM
wms-r,clc,LANDCOVER.HR.TCD.CLC12
wms-r,clc,LANDCOVER.HR.IMD.CLC12
wms-r,clc,LANDCOVER.HR.DLT.CLC12
wms-r,clc,LANDCOVER.CLC12R
wms-r,clc,LANDCOVER.CLC12R_FR
wms-r,clc,LANDCOVER.CLC12R_DOM
wms-r,clc,LANDCOVER.HR.GRA.CLC15
wms-r,clc,LANDCOVER.HR.TCD.CLC15
wms-r,clc,LANDCOVER.HR.IMD.CLC15
wms-r,clc,LANDCOVER.HR.DLT.CLC15
wms-r,clc,LANDCOVER.HR.WAW.CLC15
wms-r,clc,LANDCOVER.CLC18
wms-r,clc,LANDCOVER.CLC18_FR
wms-r,clc,LANDCOVER.CLC18_DOM
wms-r,clc,LANDCOVER.CHA00_FR
wms-r,clc,LANDCOVER.CHA06_FR
wms-r,clc,LANDCOVER.CHA06_DOM
wms-r,clc,LANDCOVER.CHA12_FR
wms-r,clc,LANDCOVER.CHA12_DOM
wms-r,clc,LANDCOVER.CHA18_FR
wms-r,clc,LANDCOVER.CHA18_DOM
wms-r,clc,LANDCOVER.CHA18
wmts,clc,LANDCOVER.CLC90_FR
wmts,clc,LANDCOVER.GRID.CLC90_FR
wmts,clc,LANDCOVER.CLC00_FR
wmts,clc,LANDCOVER.GRID.CLC00
wmts,clc,LANDCOVER.GRID.CLC00_FR
wmts,clc,LANDCOVER.GRID.CLC00_DOM
wmts,clc,LANDCOVER.GRID.CLC00R_FR
wmts,clc,LANDCOVER.CLC00_DOM
wmts,clc,LANDCOVER.CLC00R_FR
wmts,clc,LANDCOVER.CLC06_FR
wmts,clc,LANDCOVER.GRID.CLC06
wmts,clc,LANDCOVER.GRID.CLC06_FR
wmts,clc,LANDCOVER.GRID.CLC06_DOM
wmts,clc,LANDCOVER.GRID.CLC06R
wmts,clc,LANDCOVER.GRID.CLC06R_FR
wmts,clc,LANDCOVER.GRID.CLC06R_DOM
wmts,clc,LANDCOVER.CLC06_DOM
wmts,clc,LANDCOVER.CLC06R_FR
wmts,clc,LANDCOVER.CLC06R_DOM
wmts,clc,LANDCOVER.CLC12
wmts,clc,LANDCOVER.CLC12_FR
wmts,clc,LANDCOVER.GRID.CLC12
wmts,clc,LANDCOVER.CLC12_DOM
wmts,clc,LANDCOVER.HR.TCD.CLC12
wmts,clc,LANDCOVER.HR.IMD.CLC12
wmts,clc,LANDCOVER.HR.DLT.CLC12
wmts,clc,LANDCOVER.CLC12R
wmts,clc,LANDCOVER.CLC12R_FR
wmts,clc,LANDCOVER.CLC12R_DOM
wmts,clc,LANDCOVER.HR.GRA.CLC15
wmts,clc,LANDCOVER.HR.TCD.CLC15
wmts,clc,LANDCOVER.HR.IMD.CLC15
wmts,clc,LANDCOVER.HR.DLT.CLC15
wmts,clc,LANDCOVER.HR.WAW.CLC15
wmts,clc,LANDCOVER.CLC18
wmts,clc,LANDCOVER.CLC18_FR
wmts,clc,LANDCOVER.CLC18_DOM
wmts,clc,LANDCOVER.CHA00_FR
wmts,clc,LANDCOVER.CHA06_FR
wmts,clc,LANDCOVER.CHA06_DOM
wmts,clc,LANDCOVER.CHA12_FR
wmts,clc,LANDCOVER.CHA12_DOM
wmts,clc,LANDCOVER.CHA18_FR
wmts,clc,LANDCOVER.CHA18_DOM
wmts,clc,LANDCOVER.CHA18
wmts,decouverte,ORTHOIMAGERY.ORTHOPHOTOS
wmts,decouverte,GEOGRAPHICALGRIDSYSTEMS.PLANIGNV2
wfs,economie,DREAL.ZONAGE_PINEL:carreaux
wfs,economie,DREAL.ZONAGE_PINEL:communes
wfs,economie,DREAL.ZONAGE_PINEL:iris
wms-r,economie,INSEE.FILOSOFI.PART.ENFANTS.0.17.ANS.SECRET
wms-r,economie,INSEE.FILOSOFI.PART.PLUS.65.ANS.SECRET
wms-r,economie,INSEE.FILOSOFI.POPULATION
wms-r,economie,DREAL.ZONAGE_PINEL
wms-r,economie,INSEE.FILOSOFI.PART.FAMILLES.MONOPARENTALES.SECRET
wms-r,economie,INSEE.FILOSOFI.PART.INDIVIDUS.25.39.ANS.SECRET
wms-r,economie,INSEE.FILOSOFI.PART.INDIVIDUS.40.54.ANS.SECRET
wms-r,economie,INSEE.FILOSOFI.PART.INDIVIDUS.55.64.ANS.SECRET
wms-r,economie,INSEE.FILOSOFI.PART.LOGEMENTS.COLLECTIFS.SECRET
wms-r,economie,INSEE.FILOSOFI.PART.LOGEMENTS.APRES.1990.SECRET
wms-r,economie,INSEE.FILOSOFI.PART.LOGEMENTS.AVANT.1945.SECRET
wms-r,economie,INSEE.FILOSOFI.PART.LOGEMENTS.CONSTRUITS.1945.1970.SECRET
wms-r,economie,INSEE.FILOSOFI.PART.LOGEMENTS.CONSTRUITS.1970.1990.SECRET
wms-r,economie,INSEE.FILOSOFI.PART.LOGEMENTS.SOCIAUX.SECRET
wms-r,economie,INSEE.FILOSOFI.PART.MENAGES.5.PERSONNES.OUPLUS.SECRET
wms-r,economie,INSEE.FILOSOFI.PART.MENAGES.1.PERSONNE.SECRET
wms-r,economie,INSEE.FILOSOFI.PART.MENAGES.MAISON.SECRET
wms-r,economie,INSEE.FILOSOFI.PART.MENAGES.PAUVRES.SECRET
wms-r,economie,INSEE.FILOSOFI.PART.MENAGES.PROPRIETAIRES.SECRET
wms-r,economie,INSEE.FILOSOFI.NIVEAU.DE.VIE.SECRET
wms-r,economie,INSEE.FILOSOFI.LOGEMENTS.SURFACE.MOYENNE.SECRET
wms-v,economie,INSEE.FILOSOFI.PART.ENFANTS.0.17.ANS.SECRET
wms-v,economie,INSEE.FILOSOFI.PART.PLUS.65.ANS.SECRET
wms-v,economie,INSEE.FILOSOFI.POPULATION
wms-v,economie,DREAL.ZONAGE_PINEL
wms-v,economie,INSEE.FILOSOFI.PART.FAMILLES.MONOPARENTALES.SECRET
wms-v,economie,INSEE.FILOSOFI.PART.INDIVIDUS.25.39.ANS.SECRET
wms-v,economie,INSEE.FILOSOFI.PART.INDIVIDUS.40.54.ANS.SECRET
wms-v,economie,INSEE.FILOSOFI.PART.INDIVIDUS.55.64.ANS.SECRET
wms-v,economie,INSEE.FILOSOFI.PART.LOGEMENTS.COLLECTIFS.SECRET
wms-v,economie,INSEE.FILOSOFI.PART.LOGEMENTS.APRES.1990.SECRET
wms-v,economie,INSEE.FILOSOFI.PART.LOGEMENTS.AVANT.1945.SECRET
wms-v,economie,INSEE.FILOSOFI.PART.LOGEMENTS.CONSTRUITS.1945.1970.SECRET
wms-v,economie,INSEE.FILOSOFI.PART.LOGEMENTS.CONSTRUITS.1970.1990.SECRET
wms-v,economie,INSEE.FILOSOFI.PART.LOGEMENTS.SOCIAUX.SECRET
wms-v,economie,INSEE.FILOSOFI.PART.MENAGES.5.PERSONNES.OUPLUS.SECRET
wms-v,economie,INSEE.FILOSOFI.PART.MENAGES.1.PERSONNE.SECRET
wms-v,economie,INSEE.FILOSOFI.PART.MENAGES.MAISON.SECRET
wms-v,economie,INSEE.FILOSOFI.PART.MENAGES.PAUVRES.SECRET
wms-v,economie,INSEE.FILOSOFI.PART.MENAGES.PROPRIETAIRES.SECRET
wms-v,economie,INSEE.FILOSOFI.NIVEAU.DE.VIE.SECRET
wms-v,economie,INSEE.FILOSOFI.LOGEMENTS.SURFACE.MOYENNE.SECRET
wmts,economie,INSEE.FILOSOFI.ENFANTS.0.17.ANS.SECRET
wmts,economie,INSEE.FILOSOFI.PART.PLUS.65.ANS.SECRET
wmts,economie,INSEE.FILOSOFI.POPULATION
wmts,economie,DREAL.ZONAGE_PINEL
wmts,economie,INSEE.FILOSOFI.PART.FAMILLES.MONOPARENTALES.SECRET
wmts,economie,INSEE.FILOSOFI.PART.INDIVIDUS.25.39.ANS.SECRET
wmts,economie,INSEE.FILOSOFI.PART.INDIVIDUS.40.54.ANS.SECRET
wmts,economie,INSEE.FILOSOFI.PART.INDIVIDUS.55.64.ANS.SECRET
wmts,economie,INSEE.FILOSOFI.PART.LOGEMENTS.COLLECTIFS.SECRET
wmts,economie,INSEE.FILOSOFI.PART.LOGEMENTS.APRES.1990.SECRET
wmts,economie,INSEE.FILOSOFI.PART.LOGEMENTS.AVANT.1945.SECRET
wmts,economie,INSEE.FILOSOfI.PART.LOGEMENTS.CONSTRUITS.1945.1970.SECRET
wmts,economie,INSEE.FILOSOFI.PART.LOGEMENTS.CONSTRUITS.1970.1990.SECRET
wmts,economie,INSEE.FILOSOFI.PART.LOGEMENTS.SOCIAUX.SECRET
wmts,economie,INSEE.FILOSOFI.PART.MENAGES.5.PERSONNES.OUPLUS.SECRET
wmts,economie,INSEE.FILOSOFI.PART.MENAGES.1.PERSONNE.SECRET
wmts,economie,INSEE.FILOSOFI.PART.MENAGES.MAISON.SECRET
wmts,economie,INSEE.FILOSOFI.PART.MENAGES.PAUVRES.SECRET
wmts,economie,INSEE.FILOSOFI.PART.MENAGES.PROPRIETAIRES.SECRET
wmts,economie,INSEE.FILOSOFI.NIVEAU.DE.VIE.SECRET
wmts,economie,COMMUNES.PRIORITYDISCTRICT
wmts,economie,INSEE.FILOSOFI.LOGEMENTS.SURFACE.MOYENNE.SECRET
wmts,economie,AREAMANAGEMENT.ZFU
wmts,economie,AREAMANAGEMENT.ZUS
wms-r,enr,IRRADIATION.SOLAIRE
wms-r,enr,POTENTIEL.VENT.140M
wms-r,enr,POTENTIEL.VENT.160M
wmts,enr,ACCES.BIOMETHANE
wmts,enr,BESOIN.CHALEUR.INDUSTRIEL
wmts,enr,BESOIN.CHALEUR.RESIDENTIEL
wmts,enr,BESOIN.CHALEUR.TERTIAIRE
wmts,enr,BESOIN.FROID.RESIDENTIEL
wmts,enr,BESOIN.FROID.TERTIAIRE
wmts,enr,CAPACITE.ACCUEIL.ELECTRIQUE
wmts,enr,CONSO.ELEC.COMMUNE
wmts,enr,CONSO.GAZ.COMMUNE
wmts,enr,ENR.AERO.CIVIL
wmts,enr,ENR.AERO.MILITAIRE
wmts,enr,ENR.PERIMETRE.HABITATION
wmts,enr,ENR.PERIMETRE.PENTE
wmts,enr,ENR.PERIMETRE.ROUTE
wmts,enr,ENR.PERIMETRE.VOIE.FERREE
wmts,enr,LOCALISATION.MATS.EOLIEN
wmts,enr,PARKING.SUP.500
wmts,enr,PART.ENR.COMMUNE
wmts,enr,POINTS.INJECTION.BIOMETHANE
wmts,enr,POTENTIEL.EOLIEN.REGLEMENTAIRE
wmts,enr,POTENTIEL.GEOTHERMIE
wmts,enr,POTENTIEL.RESEAU.CHALEUR.PACA
wmts,enr,POTENTIEL.RESEAU.CHAUD.FROID.PACA
wmts,enr,POTENTIEL.RESEAU.FROID.PACA
wmts,enr,POTENTIEL.SOLAIRE.BATIMENT
wmts,enr,POTENTIEL.SOLAIRE.FRICHE
wmts,enr,POTENTIEL.SOLAIRE.PARKING500
wmts,enr,PROD.INSTALLATION.EOLIEN
wmts,enr,PROD.INSTALLATION.HYDRO
wmts,enr,PROD.INSTALLATION.PV
wmts,enr,PRODUCTIBLE.BIOMETHANE.COMMUNE
wmts,enr,PRODUCTIBLE.EOLIEN.COMMUNE
wmts,enr,PRODUCTIBLE.METHANISATION.COMMUNE
wmts,enr,PRODUCTIBLE.PHOTOVOLTAIQUE.COMMUNE
wmts,enr,REPARTITION.POTENTIEL.METHANISATION.2050
wmts,enr,SITE.PRODUCTION.CHALEUR.BIOGAZ
wmts,enr,SITE.PRODUCTION.CHALEUR.COGENERATION
wmts,enr,SITE.PRODUCTION.CHALEUR.DECHETS
wmts,enr,SITE.PRODUCTION.CHALEUR.METHANISATON
wmts,enr,SITE.PRODUCTION.CHALEUR.RC
wmts,enr,SITE.PRODUCTION.CHALEUR.RC.BRETAGNE
wmts,enr,SITE.PRODUCTION.CHALEUR.RC.PACA
wmts,enr,SITE.PRODUCTION.CHALEUR.RCF.LINEAIRE
wmts,enr,SITE.PRODUCTION.CHALEUR.RCF.POINT
wmts,enr,ZONAGE.OFB
wfs,environnement,PROTECTEDAREAS.GP:gp
wfs,environnement,PROTECTEDAREAS.APLG:aplg 
wfs,environnement,PROTECTEDAREAS.APHN:aphn
wfs,environnement,PROTECTEDAREAS.APB:apb
wfs,environnement,PROTECTEDAREAS.APG:apg
wfs,environnement,LANDCOVER.FORESTINVENTORY.V1:resu_bdv1_shape
wfs,environnement,LANDCOVER.FORESTINVENTORY.V2:formation_vegetale
wfs,environnement,PROTECTEDAREAS.MNHN.CDL.PARCELS:cdl
wfs,environnement,PROTECTEDAREAS.MNHN.CDL.PERIMETER:perimetre_autorise
wfs,environnement,PROTECTEDAREAS.MNHN.CONSERVATOIRES:cen
wfs,environnement,PROTECTEDAREAS.INPG:inpg
wfs,environnement,MESURES_COMPENSATOIRES:emprises_commune
wfs,environnement,MESURES_COMPENSATOIRES:emprises_lineaires
wfs,environnement,MESURES_COMPENSATOIRES:emprises_polygones
wfs,environnement,MESURES_COMPENSATOIRES:emprises_ponctuelles
wfs,environnement,PROTECTEDAREAS.PN:pn
wfs,environnement,PROTECTEDAREAS.PNM:pnm
wfs,environnement,PROTECTEDAREAS.PNR:pnr
wfs,environnement,PROTECTEDAREAS.MNHN.RN.PERIMETER:pprnn
wfs,environnement,PROTECTEDAREAS.PRSF:prs_fr
wfs,environnement,PRSF_BDD_GLP_2023:prs_glp
wfs,environnement,PRSF_BDD_GUF_2023:prs_guf
wfs,environnement,PRSF_BDD_REU_2023:prs_reu
wfs,environnement,PROTECTEDAREAS.RB:rb
wfs,environnement,PROTECTEDAREAS.BIOS:bios
wfs,environnement,PROTECTEDAREAS.RIPN:ripn
wfs,environnement,PROTECTEDAREAS.RNCF:rncfs_fxx
wfs,environnement,PROTECTEDAREAS.RNC:rnc
wfs,environnement,PROTECTEDAREAS.RNN:rnn
wfs,environnement,PROTECTEDSITES.MNHN.RESERVES-REGIONALES:wld_rnr
wfs,environnement,PROTECTEDAREAS.SIC:sic
wfs,environnement,PROTECTEDAREAS.ZPS:zps
wfs,environnement,DEBROUSSAILLEMENT:debroussaillement
wfs,environnement,PROTECTEDAREAS.RAMSAR:ramsar
wfs,environnement,PROTECTEDAREAS.ZNIEFF1.SEA:znieff1_mer
wfs,environnement,PROTECTEDAREAS.ZNIEFF1:znieff1
wfs,environnement,PROTECTEDAREAS.ZNIEFF2.SEA:znieff2_mer
wfs,environnement,PROTECTEDAREAS.ZNIEFF2:znieff2
wfs,environnement,PROTECTEDAREAS.ZPR:zpr
wms-r,environnement,PROTECTEDAREAS.GP
wms-r,environnement,PROTECTEDAREAS.APLG
wms-r,environnement,PROTECTEDAREAS.APHN
wms-r,environnement,PROTECTEDAREAS.APB
wms-r,environnement,PROTECTEDAREAS.APG
wms-r,environnement,GEOGRAPHICALGRIDSYSTEM.DFCI
wms-r,environnement,LANDCOVER.FORESTINVENTORY.V1
wms-r,environnement,LANDCOVER.FORESTINVENTORY.V2
wms-r,environnement,PROTECTEDAREAS.MNHN.CDL.PARCELS
wms-r,environnement,PROTECTEDAREAS.MNHN.CDL.PERIMETER
wms-r,environnement,PROTECTEDAREAS.MNHN.CONSERVATOIRES
wms-r,environnement,FORETS.PUBLIQUES
wms-r,environnement,PROTECTEDAREAS.INPG
wms-r,environnement,PROTECTEDAREAS.PN
wms-r,environnement,PROTECTEDAREAS.PNM
wms-r,environnement,PROTECTEDAREAS.PNR
wms-r,environnement,PROTECTEDAREAS.MNHN.RN.PERIMETER
wms-r,environnement,PROTECTEDAREAS.PRSF
wms-r,environnement,PROTECTEDAREAS.RB
wms-r,environnement,PROTECTEDAREAS.BIOS
wms-r,environnement,PROTECTEDAREAS.RIPN
wms-r,environnement,PROTECTEDAREAS.RNCF
wms-r,environnement,PROTECTEDAREAS.RNC
wms-r,environnement,PROTECTEDAREAS.RN
wms-r,environnement,PROTECTEDSITES.MNHN.RESERVES-REGIONALES
wms-r,environnement,PROTECTEDAREAS.UNESCO
wms-r,environnement,PROTECTEDAREAS.SIC
wms-r,environnement,PROTECTEDAREAS.ZPS
wms-r,environnement,PROTECTEDAREAS.ZNIEFF1
wms-r,environnement,PROTECTEDAREAS.ZNIEFF1.SEA
wms-r,environnement,PROTECTEDAREAS.ZNIEFF2
wms-r,environnement,PROTECTEDAREAS.ZNIEFF2.SEA
wms-r,environnement,PROTECTEDAREAS.ZPR 
wms-v,environnement,LOT.CHASSE
wms-v,environnement,MESURES_COMPENSATOIRES
wms-v,environnement,DEBROUSSAILLEMENT
wmts,environnement,PROTECTEDAREAS.GP
wmts,environnement,PROTECTEDAREAS.APLG
wmts,environnement,PROTECTEDAREAS.APHN
wmts,environnement,PROTECTEDAREAS.APB
wmts,environnement,PROTECTEDAREAS.APG
wmts,environnement,GEOGRAPHICALGRIDSYSTEM.DFCI
wmts,environnement,LANDCOVER.FORESTINVENTORY.V1
wmts,environnement,LANDCOVER.FORESTINVENTORY.V2
wmts,environnement,LOT.CHASSE
wmts,environnement,PROTECTEDAREAS.MNHN.CDL.PARCELS
wmts,environnement,PROTECTEDAREAS.MNHN.CDL.PERIMETER
wmts,environnement,PROTECTEDAREAS.MNHN.CONSERVATOIRES
wmts,environnement,FORETS.PUBLIQUES
wmts,environnement,PROTECTEDAREAS.INPG
wmts,environnement,PROTECTEDAREAS.PN
wmts,environnement,PROTECTEDAREAS.PNM
wmts,environnement,PROTECTEDAREAS.PNR
wmts,environnement,PROTECTEDAREAS.MNHN.RN.PERIMETER
wmts,environnement,PROTECTEDAREAS.PRSF
wmts,environnement,LANDCOVER.FORESTAREAS
wmts,environnement,PROTECTEDAREAS.RB
wmts,environnement,PROTECTEDAREAS.BIOS
wmts,environnement,PROTECTEDAREAS.RIPN
wmts,environnement,PROTECTEDAREAS.RNCF
wmts,environnement,PROTECTEDAREAS.RNC
wmts,environnement,PROTECTEDAREAS.RN
wmts,environnement,PROTECTEDSITES.MNHN.RESERVES-REGIONALES
wmts,environnement,PROTECTEDAREAS.UNESCO
wmts,environnement,PROTECTEDAREAS.SIC
wmts,environnement,PROTECTEDAREAS.ZPS
wmts,environnement,LANDCOVER.SYLVOECOREGIONS
wmts,environnement,LANDCOVER.SYLVOECOREGIONS.ALLUVIUM
wmts,environnement,DEBROUSSAILLEMENT
wmts,environnement,PROTECTEDAREAS.RAMSAR
wmts,environnement,PROTECTEDAREAS.ZNIEFF1.SEA
wmts,environnement,PROTECTEDAREAS.ZNIEFF1
wmts,environnement,PROTECTEDAREAS.ZNIEFF2.SEA
wmts,environnement,PROTECTEDAREAS.ZNIEFF2
wmts,environnement,PROTECTEDAREAS.ZPR 
wfs,essentiels,BDTOPO_V3:batiment
wfs,essentiels,BDTOPO_V3:troncon_de_route
wfs,essentiels,CADASTRALPARCELS.PARCELLAIRE_EXPRESS:parcelle
wms-r,essentiels,LIMITES_ADMINISTRATIVES_EXPRESS.LATEST
wms-r,essentiels,CADASTRALPARCELS.PARCELLAIRE_EXPRESS
wms-r,essentiels,ORTHOIMAGERY.ORTHOPHOTOS
wms-r,essentiels,GEOGRAPHICALGRIDSYSTEMS.PLANIGNV2
wms-v,essentiels,ORTHOIMAGERY.ORTHOPHOTOS.GRAPHE-MOSAIQUAGE
wmts,essentiels,CADASTRALPARCELS.PARCELLAIRE_EXPRESS
wmts,essentiels,ORTHOIMAGERY.ORTHOPHOTOS
wmts,essentiels,GEOGRAPHICALGRIDSYSTEMS.PLANIGNV2
wfs,geodesie,BDGEODESIQUE:rgp
wfs,geodesie,BDGEODESIQUE:rn
wfs,geodesie,BDGEODESIQUE:site
wfs,geodesie,BDGEODESIQUE:triplet
wms-v,geodesie,BDGEODESIQUE-SITE-RBF_BDD-POI_WLD
wms-v,geodesie,BDGEODESIQUE-SITE-RDF_BDD-POI_WLD
wms-v,geodesie,BDGEODESIQUE-RN_BDD-POI_WLD
wms-v,geodesie,BDGEODESIQUE-RGP_BDD-POI_WLD
wms-v,geodesie,BDGEODESIQUE-TRIPLET_BDD-POI_WLD
wfs,inspire,net:Network
wfs,inspire,tn-a:AerodromeArea
wfs,inspire,tn-a:AerodromeNode
wfs,inspire,tn-a:AerodromeType
wfs,inspire,tn-a:ConditionOfAirFacility
wfs,inspire,tn-a:RunwayArea
wfs,inspire,tn-a:SurfaceComposition
wfs,inspire,tn-a:UseRestriction
wfs,inspire,tn-c:CablewayLink
wfs,inspire,tn-ra:NominalTrackGauge
wfs,inspire,tn-ra:NumberOfTracks
wfs,inspire,tn-a:AerodromeCategory
wfs,inspire,tn-ra:RailwayElectrification
wfs,inspire,tn-ra:RailwayStationNode
wfs,inspire,tn-ra:RailwayType
wfs,inspire,tn-ra:RailwayUse
wfs,inspire,tn-ra:RailwayYardArea
wfs,inspire,tn-ro:ERoad
wfs,inspire,tn-ro:FormOfWay
wfs,inspire,tn-ro:FunctionalRoadClass
wfs,inspire,tn-ro:NumberOfLanes
wfs,inspire,tn-ro:Road
wfs,inspire,tn-ro:RoadLink
wfs,inspire,tn-ro:RoadName
wfs,inspire,tn-ra:RailwayLink
wfs,inspire,tn-ro:RoadNode
wfs,inspire,tn-ro:RoadServiceArea
wfs,inspire,tn-ro:RoadSurfaceCategory
wfs,inspire,tn-ro:RoadWidth
wfs,inspire,tn-ro:VehicleTrafficArea
wfs,inspire,tn-w:Beacon
wfs,inspire,tn-w:FerryCrossing
wfs,inspire,tn-w:PortArea
wfs,inspire,tn-w:FerryUse
wfs,inspire,tn-w:PortNode
wfs,inspire,tn-w:WaterwayLink
wfs,inspire,tn:AccessRestriction
wfs,inspire,tn:ConditionOfFacility
wfs,inspire,tn:TrafficFlowDirection
wfs,inspire,tn:TransportNetwork
wfs,inspire,tn:VerticalPosition
wfs,inspire,hy-n:HydroNode
wfs,inspire,hy-n:WatercourseLink
wfs,inspire,hy-p:Watercourse
wfs,inspire,hy-p:Ford
wfs,inspire,hy-p:Falls
wfs,inspire,hy-p:DrainageBasin
wfs,inspire,hy-p:DamOrWeir
wfs,inspire,hy-p:LandWaterBoundary
wfs,inspire,hy-p:Lock
wfs,inspire,hy-p:StandingWater
wfs,inspire,hy-n:WatercourseLinkSequence
wfs,inspire,hy-p:Crossing
wfs,inspire,ad:Address
wfs,inspire,ad:AddressAreaName
wfs,inspire,ad:AdminUnitName
wfs,inspire,ad:PostalDescriptor
wfs,inspire,ad:ThoroughfareName
wfs,inspire,au:AdministrativeBoundary
wfs,inspire,au:AdministrativeUnit
wfs,inspire,gn:NamedPlace
wfs,inspire,bu-core2d:Building
wms-r,inspire,OI.OrthoimageCoverage
wms-r,inspire,OI.OrthoimageCoverage.HR
wms-r,inspire,CP.CadastralParcel
wms-r,inspire,EL.GridCoverage
wms-v,inspire,BU.Building
wms-v,inspire,TN.AirTransportNetwork
wms-v,inspire,TN.RailTransportNetwork
wms-v,inspire,TN.RoadTransportNetwork
wms-v,inspire,TN.RoadTransportNetwork-2
wms-v,inspire,GN.GeographicalNames
wms-v,inspire,AD.Address
wms-v,inspire,AU.AdministrativeUnit
wms-v,inspire,HY.PhysicalWaters
wms-v,inspire,US.UtilityAndGovernmentalServices
wfs,lambert93,GEOGRAPHICALGRIDSYSTEM.DFCI:carro_dfci_1x1_l93
wfs,lambert93,GEOGRAPHICALGRIDSYSTEM.DFCI:carro_dfci_2x2_l93
wms-r,lambert93,SCANEM40_PYR_PNG_FXX_LAMB93
wms-r,lambert93,ELEVATION.ELEVATIONGRIDCOVERAGE.HIGHRES.MNS.L93
wmts,lambert93,CADASTRALPARCELS.PARCELS.L93
wmts,lambert93,LIMITES_ADMINISTRATIVES_EXPRESS.LATEST.L93
wmts,lambert93,HR.ORTHOIMAGERY.ORTHOPHOTOS.L93
wmts,lambert93,ORTHOIMAGERY.ORTHOPHOTOS.BDORTHO.L93
wmts,lambert93,ORTHOIMAGERY.ORTHOPHOTOS.ORTHO-EXPRESS.2019.L93
wmts,lambert93,ORTHOIMAGERY.ORTHOPHOTOS.ORTHO-EXPRESS.2020.L93
wmts,lambert93,ORTHOIMAGERY.ORTHOPHOTOS.ORTHO-EXPRESS.2021.L93
wmts,lambert93,ORTHOIMAGERY.ORTHOPHOTOS.IRC-EXPRESS.2019.L93
wmts,lambert93,ORTHOIMAGERY.ORTHOPHOTOS.IRC-EXPRESS.2020.L93
wmts,lambert93,ORTHOIMAGERY.ORTHOPHOTOS.IRC-EXPRESS.2021.L93
wmts,lambert93,CADASTRALPARCELS.PARCELLAIRE_EXPRESS.L93
wmts,lambert93,GEOGRAPHICALGRIDSYSTEMS.PLANIGNV2.L93
wms-r,ocsge,OCSGE.CONSTRUCTIONS
wms-r,ocsge,OCSGE.CONSTRUCTIONS.2010
wms-r,ocsge,OCSGE.CONSTRUCTIONS.2011
wms-r,ocsge,OCSGE.CONSTRUCTIONS.2016
wms-r,ocsge,OCSGE.CONSTRUCTIONS.2017
wms-r,ocsge,OCSGE.CONSTRUCTIONS.2019
wms-r,ocsge,OCSGE.COUVERTURE
wms-r,ocsge,OCSGE.COUVERTURE.2010
wms-r,ocsge,OCSGE.COUVERTURE.2011
wms-r,ocsge,OCSGE.COUVERTURE.2016
wms-r,ocsge,OCSGE.COUVERTURE.2017
wms-r,ocsge,OCSGE.COUVERTURE.2019
wms-r,ocsge,OCSGE.USAGE
wms-r,ocsge,OCSGE.USAGE.2010
wms-r,ocsge,OCSGE.USAGE.2011
wms-r,ocsge,OCSGE.USAGE.2016
wms-r,ocsge,OCSGE.USAGE.2017
wms-r,ocsge,OCSGE.USAGE.2019
wms-r,ocsge,OCSGE.VISU.2019
wms-r,ocsge,OCSGE.VISU.2016
wmts,ocsge,OCSGE.CONSTRUCTIONS
wmts,ocsge,OCSGE.CONSTRUCTIONS.2002
wmts,ocsge,OCSGE.CONSTRUCTIONS.2010
wmts,ocsge,OCSGE.CONSTRUCTIONS.2011
wmts,ocsge,OCSGE.CONSTRUCTIONS.2014
wmts,ocsge,OCSGE.CONSTRUCTIONS.2016
wmts,ocsge,OCSGE.CONSTRUCTIONS.2017
wmts,ocsge,OCSGE.CONSTRUCTIONS.2019
wmts,ocsge,OCSGE.COUVERTURE
wmts,ocsge,OCSGE.COUVERTURE.2002
wmts,ocsge,OCSGE.COUVERTURE.2010
wmts,ocsge,OCSGE.COUVERTURE.2011
wmts,ocsge,OCSGE.COUVERTURE.2014
wmts,ocsge,OCSGE.COUVERTURE.2016
wmts,ocsge,OCSGE.COUVERTURE.2017
wmts,ocsge,OCSGE.COUVERTURE.2019
wmts,ocsge,OCSGE.USAGE
wmts,ocsge,OCSGE.USAGE.2002
wmts,ocsge,OCSGE.USAGE.2010
wmts,ocsge,OCSGE.USAGE.2011
wmts,ocsge,OCSGE.USAGE.2014
wmts,ocsge,OCSGE.USAGE.2016
wmts,ocsge,OCSGE.USAGE.2017
wmts,ocsge,OCSGE.USAGE.2019
wmts,ocsge,OCSGE.VISU.2019
wmts,ocsge,OCSGE.VISU.2016
wfs,ortho,ORTHOIMAGERY.ORTHOPHOTOS.GRAPHE-MOSAIQUAGE:graphe_bdortho
wfs,ortho,ORTHOIMAGERY.ORTHOPHOTOS.ORTHO-EXPRESS.GRAPHE-MOSAIQUAGE:orthoexpress
wfs,ortho,ORTHOIMAGERY.ORTHOPHOS.RESTRICTEDAREAS:arrete
wms-r,ortho,HR.ORTHOIMAGERY.ORTHOPHOTOS
wms-r,ortho,ORTHOIMAGERY.ORTHOPHOTOS.BDORTHO
wms-r,ortho,ORTHOIMAGERY.ORTHOPHOTOS.ORTHO-EXPRESS.2023
wms-r,ortho,ORTHOIMAGERY.ORTHOPHOTOS.IRC-EXPRESS.2023
wms-r,ortho,ORTHOIMAGERY.ORTHOPHOTOS.IRC
wms-r,ortho,THR.ORTHOIMAGERY.ORTHOPHOTOS
wms-r,ortho,ORTHOIMAGERY.ORTHOPHOTOS.ORTHO-ASP_PAC2023
wms-r,ortho,PCRS.LAMB93
wms-r,ortho,ORTHOIMAGERY.ORTHOPHOTOS
wms-r,ortho,ORTHOIMAGERY.ORTHOPHOTOS.TPM.OMBRES
wms-r,ortho,ORTHOIMAGERY.ORTHOPHOS.RESTRICTEDAREAS
wms-v,ortho,ORTHOIMAGERY.ORTHOPHOTOS.GRAPHE-MOSAIQUAGE
wms-v,ortho,ORTHOIMAGERY.ORTHOPHOTOS.ORTHO-EXPRESS.GRAPHE-MOSAIQUAGE
wmts,ortho,HR.ORTHOIMAGERY.ORTHOPHOTOS
wmts,ortho,ORTHOIMAGERY.ORTHOPHOTOS.BDORTHO
wmts,ortho,ORTHOIMAGERY.ORTHOPHOTOS.ORTHO-EXPRESS.2023
wmts,ortho,ORTHOIMAGERY.ORTHOPHOTOS.IRC-EXPRESS.2023
wmts,ortho,ORTHOIMAGERY.ORTHOPHOTOS.IRC
wmts,ortho,THR.ORTHOIMAGERY.ORTHOPHOTOS
wmts,ortho,ORTHOIMAGERY.ORTHOPHOTOS.ORTHO-ASP_PAC2023
wmts,ortho,ORTHOIMAGERY.ORTHOPHOTOS.COAST2000
wmts,ortho,PCRS.LAMB93
wmts,ortho,ORTHOIMAGERY.ORTHOPHOS.RESTRICTEDAREAS
wmts,ortho,ORTHOIMAGERY.ORTHOPHOTOS
wmts,ortho,ORTHOIMAGERY.ORTHOPHOTOS.ILESDUNORD
wfs,orthohisto,ORTHOIMAGERY.ORTHOPHOTOS.1950-1965.GRAPHE-MOSAIQUAGE:graphe
wfs,orthohisto,ORTHOIMAGERY.ORTHOPHOTOS.GRAPHE.2000-2005:graphe_bdortho
wfs,orthohisto,ORTHOIMAGERY.ORTHOPHOTOS.GRAPHE.2006-2010:graphe_bdortho
wfs,orthohisto,ORTHOIMAGERY.ORTHOPHOTOS.GRAPHE.2011-2015:graphe_bdortho
wms-r,orthohisto,ORTHOIMAGERY.ORTHOPHOTOS.1950-1965
wms-r,orthohisto,ORTHOIMAGERY.ORTHOPHOTOS.SOCLE-ASP.2018
wms-r,orthohisto,ORTHOIMAGERY.ORTHOPHOTOS.ORTHO-EXPRESS.2021
wms-r,orthohisto,ORTHOIMAGERY.ORTHOPHOTOS.IRC-EXPRESS.2021
wms-r,orthohisto,ORTHOIMAGERY.ORTHOPHOTOS.IRC.2012
wms-r,orthohisto,ORTHOIMAGERY.ORTHOPHOTOS.IRC.2013
wms-r,orthohisto,ORTHOIMAGERY.ORTHOPHOTOS.IRC.2014
wms-r,orthohisto,ORTHOIMAGERY.ORTHOPHOTOS.IRC.2015
wms-r,orthohisto,ORTHOIMAGERY.ORTHOPHOTOS.IRC.2016
wms-r,orthohisto,ORTHOIMAGERY.ORTHOPHOTOS.IRC.2017
wms-r,orthohisto,ORTHOIMAGERY.ORTHOPHOTOS.IRC.2018
wms-r,orthohisto,ORTHOIMAGERY.ORTHOPHOTOS.IRC.2019
wms-r,orthohisto,ORTHOIMAGERY.ORTHOPHOTOS.IRC.2020
wms-r,orthohisto,ORTHOIMAGERY.ORTHOPHOTOS.ORTHO-ASP_PAC2020
wms-r,orthohisto,ORTHOIMAGERY.ORTHOPHOTOS.ORTHO-ASP_PAC2021
wms-r,orthohisto,ORTHOIMAGERY.ORTHOPHOTOS.ORTHO-ASP_PAC2022
wms-r,orthohisto,ORTHOIMAGERY.ORTHOPHOTOS.URGENCE.ALEX
wms-r,orthohisto,ORTHOIMAGERY.ORTHOPHOTOS2000
wms-r,orthohisto,ORTHOIMAGERY.ORTHOPHOTOS2000-2005
wms-r,orthohisto,ORTHOIMAGERY.ORTHOPHOTOS2001
wms-r,orthohisto,ORTHOIMAGERY.ORTHOPHOTOS2002
wms-r,orthohisto,ORTHOIMAGERY.ORTHOPHOTOS2003
wms-r,orthohisto,ORTHOIMAGERY.ORTHOPHOTOS2004
wms-r,orthohisto,ORTHOIMAGERY.ORTHOPHOTOS2005
wms-r,orthohisto,ORTHOIMAGERY.ORTHOPHOTOS2006
wms-r,orthohisto,ORTHOIMAGERY.ORTHOPHOTOS2006-2010
wms-r,orthohisto,ORTHOIMAGERY.ORTHOPHOTOS2007
wms-r,orthohisto,ORTHOIMAGERY.ORTHOPHOTOS2008
wms-r,orthohisto,ORTHOIMAGERY.ORTHOPHOTOS2009
wms-r,orthohisto,ORTHOIMAGERY.ORTHOPHOTOS2010
wms-r,orthohisto,ORTHOIMAGERY.ORTHOPHOTOS2011
wms-r,orthohisto,ORTHOIMAGERY.ORTHOPHOTOS2011-2015
wms-r,orthohisto,ORTHOIMAGERY.ORTHOPHOTOS2012
wms-r,orthohisto,ORTHOIMAGERY.ORTHOPHOTOS2013
wms-r,orthohisto,ORTHOIMAGERY.ORTHOPHOTOS2014
wms-r,orthohisto,ORTHOIMAGERY.ORTHOPHOTOS2015
wms-r,orthohisto,ORTHOIMAGERY.ORTHOPHOTOS2016
wms-r,orthohisto,ORTHOIMAGERY.ORTHOPHOTOS2017
wms-r,orthohisto,ORTHOIMAGERY.ORTHOPHOTOS2018
wms-r,orthohisto,ORTHOIMAGERY.ORTHOPHOTOS2019
wms-r,orthohisto,ORTHOIMAGERY.ORTHOPHOTOS2020
wms-v,orthohisto,ORTHOIMAGERY.ORTHOPHOTOS.1950-1965.GRAPHE-MOSAIQUAGE
wms-v,orthohisto,ORTHOIMAGERY.ORTHOPHOTOS.GRAPHE-2000-2005
wms-v,orthohisto,ORTHOIMAGERY.ORTHOPHOTOS.GRAPHE-2006-2010
wms-v,orthohisto,ORTHOIMAGERY.ORTHOPHOTOS.GRAPHE-2011-2015
wms-v,orthohisto,ORTHOIMAGERY.ORHOPHOTOS.URGENCE.ALEX.GRAPHE-MOSAIQUAGE
wmts,orthohisto,ORTHOIMAGERY.ORTHOPHOTOS.SOCLE-ASP.2018
wmts,orthohisto,ORTHOIMAGERY.ORTHOPHOTOS.ORTHO-EXPRESS.2021
wmts,orthohisto,ORTHOIMAGERY.ORTHOPHOTOS.IRC-EXPRESS.2021
wmts,orthohisto,ORTHOIMAGERY.ORTHOPHOTOS.IRC.2013
wmts,orthohisto,ORTHOIMAGERY.ORTHOPHOTOS.IRC.2014
wmts,orthohisto,ORTHOIMAGERY.ORTHOPHOTOS.IRC.2015
wmts,orthohisto,ORTHOIMAGERY.ORTHOPHOTOS.IRC.2016
wmts,orthohisto,ORTHOIMAGERY.ORTHOPHOTOS.IRC.2017
wmts,orthohisto,ORTHOIMAGERY.ORTHOPHOTOS.IRC.2018
wmts,orthohisto,ORTHOIMAGERY.ORTHOPHOTOS.IRC.2019
wmts,orthohisto,ORTHOIMAGERY.ORTHOPHOTOS.IRC.2020
wmts,orthohisto,ORTHOIMAGERY.ORTHOPHOTOS.ORTHO-ASP_PAC2020
wmts,orthohisto,ORTHOIMAGERY.ORTHOPHOTOS.ORTHO-ASP_PAC2021
wmts,orthohisto,ORTHOIMAGERY.ORTHOPHOTOS.ORTHO-ASP_PAC2022
wmts,orthohisto,ORTHOIMAGERY.ORTHOPHOTOS.URGENCE.ALEX
wmts,orthohisto,ORTHOIMAGERY.ORTHOPHOTOS.1950-1965
wmts,orthohisto,ORTHOIMAGERY.ORTHOPHOTOS2000
wmts,orthohisto,ORTHOIMAGERY.ORTHOPHOTOS2000-2005
wmts,orthohisto,ORTHOIMAGERY.ORTHOPHOTOS2001
wmts,orthohisto,ORTHOIMAGERY.ORTHOPHOTOS2002
wmts,orthohisto,ORTHOIMAGERY.ORTHOPHOTOS2003
wmts,orthohisto,ORTHOIMAGERY.ORTHOPHOTOS2004
wmts,orthohisto,ORTHOIMAGERY.ORTHOPHOTOS2005
wmts,orthohisto,ORTHOIMAGERY.ORTHOPHOTOS2006
wmts,orthohisto,ORTHOIMAGERY.ORTHOPHOTOS2006-2010
wmts,orthohisto,ORTHOIMAGERY.ORTHOPHOTOS2007
wmts,orthohisto,ORTHOIMAGERY.ORTHOPHOTOS2008
wmts,orthohisto,ORTHOIMAGERY.ORTHOPHOTOS2009
wmts,orthohisto,ORTHOIMAGERY.ORTHOPHOTOS2010
wmts,orthohisto,ORTHOIMAGERY.ORTHOPHOTOS2011
wmts,orthohisto,ORTHOIMAGERY.ORTHOPHOTOS2011-2015
wmts,orthohisto,ORTHOIMAGERY.ORTHOPHOTOS2012
wmts,orthohisto,ORTHOIMAGERY.ORTHOPHOTOS2013
wmts,orthohisto,ORTHOIMAGERY.ORTHOPHOTOS2014
wmts,orthohisto,ORTHOIMAGERY.ORTHOPHOTOS2015
wmts,orthohisto,ORTHOIMAGERY.ORTHOPHOTOS2016
wmts,orthohisto,ORTHOIMAGERY.ORTHOPHOTOS2017
wmts,orthohisto,ORTHOIMAGERY.ORTHOPHOTOS2018
wmts,orthohisto,ORTHOIMAGERY.ORTHOPHOTOS2019
wmts,orthohisto,ORTHOIMAGERY.ORTHOPHOTOS2020
wfs,parcellaire,BDPARCELLAIRE-VECTEUR_WLD_BDD_WGS84G:arrondissement
wfs,parcellaire,BDPARCELLAIRE-VECTEUR_WLD_BDD_WGS84G:batiment
wfs,parcellaire,BDPARCELLAIRE-VECTEUR_WLD_BDD_WGS84G:commune
wfs,parcellaire,BDPARCELLAIRE-VECTEUR_WLD_BDD_WGS84G:divcad
wfs,parcellaire,BDPARCELLAIRE-VECTEUR_WLD_BDD_WGS84G:localisant
wfs,parcellaire,BDPARCELLAIRE-VECTEUR_WLD_BDD_WGS84G:parcelle
wfs,parcellaire,AOC-VITICOLES:aire_parcellaire
wfs,parcellaire,CADASTRALPARCELS.PARCELLAIRE_EXPRESS:commune
wfs,parcellaire,CADASTRALPARCELS.PARCELLAIRE_EXPRESS:batiment
wfs,parcellaire,CADASTRALPARCELS.PARCELLAIRE_EXPRESS:localisant
wfs,parcellaire,CADASTRALPARCELS.PARCELLAIRE_EXPRESS:parcelle
wfs,parcellaire,CADASTRALPARCELS.PARCELLAIRE_EXPRESS:subdivision_fiscale
wfs,parcellaire,CADASTRALPARCELS.PARCELLAIRE_EXPRESS:borne_parcelle
wfs,parcellaire,CADASTRALPARCELS.PARCELLAIRE_EXPRESS:feuille
wfs,parcellaire,CADASTRALPARCELS.PARCELLAIRE_EXPRESS:arrondissement
wfs,parcellaire,CADASTRALPARCELS.PARCELLAIRE_EXPRESS:borne_limite_propriete
wfs,parcellaire,DEVIATION_BDP_PCI_BDD_SYMBO_WLD_WM_20200428:parcelle_wld
wms-r,parcellaire,CADASTRALPARCELS.PARCELS
wms-r,parcellaire,CADASTRALPARCELS.HEATMAP
wms-r,parcellaire,Aire-Parcellaire
wms-r,parcellaire,CADASTRALPARCELS.PARCELLAIRE_EXPRESS
wms-r,parcellaire,CADASTRALPARCELS.HISTO.2008-2013.PARCELS
wms-v,parcellaire,CADASTRALPARCELS.COMMUNES
wms-v,parcellaire,CADASTRALPARCELS.SECTIONS
wms-v,parcellaire,CADASTRALPARCELS.GRAPHE
wmts,parcellaire,CADASTRALPARCELS.PARCELS
wmts,parcellaire,CADASTRALPARCELS.HEATMAP
wmts,parcellaire,Aire-Parcellaire
wmts,parcellaire,CADASTRALPARCELS.PARCELLAIRE_EXPRESS
wmts,parcellaire,CADASTRALPARCELS.HISTO.2008-2013.PARCELS
wfs,satellite,ORTHOIMAGERY.ORTHO-SAT.SPOT.2014.GRAPHE-MOSAIQUAGE:france_2014
wfs,satellite,ORTHOIMAGERY.ORTHO-SAT.SPOT.2015.GRAPHE-MOSAIQUAGE:france_2015
wfs,satellite,ORTHOIMAGERY.ORTHO-SAT.SPOT.2016.GRAPHE-MOSAIQUAGE:france_2016
wms-r,satellite,ORTHOIMAGERY.ORTHO-SAT.PLEIADES.2012
wms-r,satellite,ORTHOIMAGERY.ORTHO-SAT.PLEIADES.2013
wms-r,satellite,ORTHOIMAGERY.ORTHO-SAT.PLEIADES.2014
wms-r,satellite,ORTHOIMAGERY.ORTHO-SAT.PLEIADES.2015
wms-r,satellite,ORTHOIMAGERY.ORTHO-SAT.PLEIADES.2016
wms-r,satellite,ORTHOIMAGERY.ORTHO-SAT.PLEIADES.2017
wms-r,satellite,ORTHOIMAGERY.ORTHO-SAT.PLEIADES.2018
wms-r,satellite,ORTHOIMAGERY.ORTHO-SAT.PLEIADES.2019
wms-r,satellite,ORTHOIMAGERY.ORTHO-SAT.PLEIADES.2020
wms-r,satellite,ORTHOIMAGERY.ORTHO-SAT.PLEIADES.2021
wms-r,satellite,ORTHOIMAGERY.ORTHO-SAT.PLEIADES.2022
wms-r,satellite,ORTHOIMAGERY.ORTHO-SAT.RAPIDEYE.2010
wms-r,satellite,ORTHOIMAGERY.ORTHO-SAT.RAPIDEYE.2011
wms-r,satellite,ORTHOIMAGERY.ORTHO-SAT.SPOT.2013
wms-r,satellite,ORTHOIMAGERY.ORTHO-SAT.SPOT.2014
wms-r,satellite,ORTHOIMAGERY.ORTHO-SAT.SPOT.2015
wms-r,satellite,ORTHOIMAGERY.ORTHO-SAT.SPOT.2016
wms-r,satellite,ORTHOIMAGERY.ORTHO-SAT.SPOT.2017
wms-r,satellite,ORTHOIMAGERY.ORTHO-SAT.SPOT.2018
wms-r,satellite,ORTHOIMAGERY.ORTHO-SAT.SPOT.2019
wms-r,satellite,ORTHOIMAGERY.ORTHO-SAT.SPOT.2020
wms-r,satellite,ORTHOIMAGERY.ORTHO-SAT.SPOT.2021
wms-v,satellite,ORTHOIMAGERY.ORTHO-SAT.SPOT.2014.GRAPHE-MOSAIQUAGE
wms-v,satellite,ORTHOIMAGERY.ORTHO-SAT.SPOT.2015.GRAPHE-MOSAIQUAGE
wms-v,satellite,ORTHOIMAGERY.ORTHO-SAT.SPOT.2016.GRAPHE-MOSAIQUAGE
wms-v,satellite,ORTHOIMAGERY.ORTHO-SAT.SPOT.2017.GRAPHE-MOSAIQUAGE
wmts,satellite,ORTHOIMAGERY.ORTHO-SAT.PLEIADES.2012
wmts,satellite,ORTHOIMAGERY.ORTHO-SAT.PLEIADES.2013
wmts,satellite,ORTHOIMAGERY.ORTHO-SAT.PLEIADES.2014
wmts,satellite,ORTHOIMAGERY.ORTHO-SAT.PLEIADES.2015
wmts,satellite,ORTHOIMAGERY.ORTHO-SAT.PLEIADES.2016
wmts,satellite,ORTHOIMAGERY.ORTHO-SAT.PLEIADES.2017
wmts,satellite,ORTHOIMAGERY.ORTHO-SAT.PLEIADES.2018
wmts,satellite,ORTHOIMAGERY.ORTHO-SAT.PLEIADES.2019
wmts,satellite,ORTHOIMAGERY.ORTHO-SAT.PLEIADES.2020
wmts,satellite,ORTHOIMAGERY.ORTHO-SAT.PLEIADES.2021
wmts,satellite,ORTHOIMAGERY.ORTHO-SAT.PLEIADES.2022
wmts,satellite,ORTHOIMAGERY.ORTHO-SAT.RAPIDEYE.2010
wmts,satellite,ORTHOIMAGERY.ORTHO-SAT.RAPIDEYE.2011
wmts,satellite,ORTHOIMAGERY.ORTHO-SAT.SPOT.2013
wmts,satellite,ORTHOIMAGERY.ORTHO-SAT.SPOT.2014
wmts,satellite,ORTHOIMAGERY.ORTHO-SAT.SPOT.2015
wmts,satellite,ORTHOIMAGERY.ORTHO-SAT.SPOT.2016
wmts,satellite,ORTHOIMAGERY.ORTHO-SAT.SPOT.2017
wmts,satellite,ORTHOIMAGERY.ORTHO-SAT.SPOT.2018
wmts,satellite,ORTHOIMAGERY.ORTHO-SAT.SPOT.2019
wmts,satellite,ORTHOIMAGERY.ORTHO-SAT.SPOT.2020
wmts,satellite,ORTHOIMAGERY.ORTHO-SAT.SPOT.2021
wfs,sol,BDCARTO_ETAT-MAJOR.NIVEAU3:a_1_limite_administrative
wfs,sol,BDCARTO_ETAT-MAJOR.NIVEAU3:a_2_surface_administrative
wfs,sol,BDCARTO_ETAT-MAJOR.NIVEAU3:b_1_troncon_de_route
wfs,sol,BDCARTO_ETAT-MAJOR.NIVEAU3:b_2_troncon_de_voie_ferree
wfs,sol,BDCARTO_ETAT-MAJOR.NIVEAU3:b_3_troncon_de_cours_d_eau
wfs,sol,BDCARTO_ETAT-MAJOR.NIVEAU3:c_1_1_ocs_ancien
wfs,sol,BDCARTO_ETAT-MAJOR.NIVEAU3:c_1_2_ocs_ancien_sans_bati
wfs,sol,BDCARTO_ETAT-MAJOR.NIVEAU3:c_2_1_batiment
wfs,sol,BDCARTO_ETAT-MAJOR.NIVEAU3:c_2_2_batiment_hors_zone_urbaine
wfs,sol,BDCARTO_ETAT-MAJOR.NIVEAU3:c_3_zone_urbaine
wfs,sol,BDCARTO_ETAT-MAJOR.NIVEAU3:z_1_chantier
wfs,sol,BDCARTO_ETAT-MAJOR.NIVEAU4:a_1_limite_administrative
wfs,sol,BDCARTO_ETAT-MAJOR.NIVEAU4:a_2_surface_administrative
wfs,sol,BDCARTO_ETAT-MAJOR.NIVEAU4:b_1_troncon_de_route
wfs,sol,BDCARTO_ETAT-MAJOR.NIVEAU4:b_2_troncon_de_voie_ferree
wfs,sol,BDCARTO_ETAT-MAJOR.NIVEAU4:b_3_troncon_de_cours_d_eau
wfs,sol,BDCARTO_ETAT-MAJOR.NIVEAU4:c_1_1_ocs_ancien
wfs,sol,BDCARTO_ETAT-MAJOR.NIVEAU4:c_1_2_ocs_ancien_sans_bati
wfs,sol,BDCARTO_ETAT-MAJOR.NIVEAU4:c_2_1_batiment
wfs,sol,BDCARTO_ETAT-MAJOR.NIVEAU4:c_2_2_batiment_hors_zone_urbaine
wfs,sol,BDCARTO_ETAT-MAJOR.NIVEAU4:c_3_zone_urbaine
wfs,sol,BDCARTO_ETAT-MAJOR.NIVEAU4:z_1_chantier
wms-r,sol,BDCARTO_ETAT-MAJOR.NIVEAU3
wms-r,sol,BDCARTO_ETAT-MAJOR.NIVEAU4
wmts,sol,BDCARTO_ETAT-MAJOR.NIVEAU3
wmts,sol,BDCARTO_ETAT-MAJOR.NIVEAU4
wfs,topographie,BDTOPO_V3:batiment
wfs,topographie,BDTOPO_V3:aerodrome
wfs,topographie,BDTOPO_V3:bassin_versant_topographique
wfs,topographie,BDTOPO_V3:arrondissement
wfs,topographie,BDTOPO_V3:arrondissement_municipal
wfs,topographie,BDTOPO_V3:canalisation
wfs,topographie,BDTOPO_V3:cimetiere
wfs,topographie,BDTOPO_V3:collectivite_territoriale
wfs,topographie,BDTOPO_V3:commune
wfs,topographie,BDTOPO_V3:condominium
wfs,topographie,BDTOPO_V3:construction_lineaire
wfs,topographie,BDTOPO_V3:construction_ponctuelle
wfs,topographie,BDTOPO_V3:construction_surfacique
wfs,topographie,BDTOPO_V3:cours_d_eau
wfs,topographie,BDTOPO_V3:departement
wfs,topographie,BDTOPO_V3:detail_hydrographique
wfs,topographie,BDTOPO_V3:detail_orographique
wfs,topographie,BDTOPO_V3:epci
wfs,topographie,BDTOPO_V3:equipement_de_transport
wfs,topographie,BDTOPO_V3:erp
wfs,topographie,BDTOPO_V3:foret_publique
wfs,topographie,BDTOPO_V3:haie
wfs,topographie,BDTOPO_V3:itineraire_autre
wfs,topographie,BDTOPO_V3:lieu_dit_non_habite
wfs,topographie,BDTOPO_V3:ligne_electrique
wfs,topographie,BDTOPO_V3:ligne_orographique
wfs,topographie,BDTOPO_V3:limite_terre_mer
wfs,topographie,BDTOPO_V3:noeud_hydrographique
wfs,topographie,BDTOPO_V3:non_communication
wfs,topographie,BDTOPO_V3:parc_ou_reserve
wfs,topographie,BDTOPO_V3:piste_d_aerodrome
wfs,topographie,BDTOPO_V3:plan_d_eau
wfs,topographie,BDTOPO_V3:point_de_repere
wfs,topographie,BDTOPO_V3:point_du_reseau
wfs,topographie,BDTOPO_V3:poste_de_transformation
wfs,topographie,BDTOPO_V3:pylone
wfs,topographie,BDTOPO_V3:region
wfs,topographie,BDTOPO_V3:reservoir
wfs,topographie,BDTOPO_V3:route_numerotee_ou_nommee
wfs,topographie,BDTOPO_V3:section_de_points_de_repere
wfs,topographie,BDTOPO_V3:surface_hydrographique
wfs,topographie,BDTOPO_V3:terrain_de_sport
wfs,topographie,BDTOPO_V3:toponymie_hydrographie
wfs,topographie,BDTOPO_V3:toponymie_bati
wfs,topographie,BDTOPO_V3:toponymie_lieux_nommes
wfs,topographie,BDTOPO_V3:toponymie_services_et_activites
wfs,topographie,BDTOPO_V3:toponymie_transport
wfs,topographie,BDTOPO_V3:toponymie_zones_reglementees
wfs,topographie,BDTOPO_V3:transport_par_cable
wfs,topographie,BDTOPO_V3:troncon_de_route
wfs,topographie,BDTOPO_V3:troncon_de_voie_ferree
wfs,topographie,BDTOPO_V3:troncon_hydrographique
wfs,topographie,BDTOPO_V3:voie_ferree_nommee
wfs,topographie,BDTOPO_V3:voie_nommee
wfs,topographie,BDTOPO_V3:zone_d_activite_ou_d_interet
wfs,topographie,BDTOPO_V3:zone_d_estran
wfs,topographie,BDTOPO_V3:zone_d_habitation
wfs,topographie,BDTOPO_V3:zone_de_vegetation
wms-v,topographie,BDTOPO-GEOPO-BATI_WLD_WGS84G
wms-v,topographie,hedge.hedge 
wms-v,topographie,BDTOPO-GEOPO-HYDROGRAPHIE_WLD_WGS84G
wms-v,topographie,BDTOPO-GEOPO-OROGRAPHIE_WLD_WGS84G
wms-v,topographie,UTILITYANDGOVERNMENTALSERVICES.MININT.POI.ACCUEIL_POLICE-GENDARMERIE
wms-v,topographie,TRANSPORTNETWORK.COMMONTRANSPORTELEMENTS.MARKERPOST
wms-v,topographie,BDTOPO-GEOPO-RESEAU_ROUTIER_WLD_WGS84G
wms-v,topographie,BDTOPO-GEOPO-TRANSPORT_ENERGIE_WLD_WGS84G
wms-v,topographie,BDTOPO-GEOPO-VEGETATION_WLD_WGS84G 
wms-v,topographie,BDTOPO-GEOPO-TRANSPORT_VOIES_FERREES_WLD_WGS84G
wms-v,topographie,BDTOPO-GEOPO-ZONE-ACTIVITES_WLD_WGS84G
wmts,topographie,BUILDINGS.BUILDINGS
wmts,topographie,GEOGRAPHICALNAMES.NAMES
wmts,topographie,hedge.hedge 
wmts,topographie,UTILITYANDGOVERNMENTALSERVICES.ALL
wmts,topographie,TRANSPORTNETWORKS.RUNWAYS
wmts,topographie,TRANSPORTNETWORK.COMMONTRANSPORTELEMENTS.MARKERPOST
wmts,topographie,HYDROGRAPHY.HYDROGRAPHY
wmts,topographie,TRANSPORTNETWORKS.RAILWAYS
wmts,topographie,TRANSPORTNETWORKS.ROADS
wfs,transports,TRANSPORTS.AIRNOISE:psa_p_wm
wfs,transports,TRANSPORTS.AIRNOISE:psa_l_wm
wfs,transports,TRANSPORTS.AIRNOISE.DOCS:dgac_psa_poi_wm
wfs,transports,DGAC-PGS_BDD_FXX_WM:fxx_pgs_wm
wfs,transports,DGAC-PGS-POI_BDD_FXX_WM:aerodrome_avec_pgs_wm
wfs,transports,DGAC-PEB_BDD_FXX_WM:fxx_peb_wm
wfs,transports,DGAC-PEB-POI_BDD_WLD_WM:aerodrome_avec_peb_wm
wfs,transports,SECUROUT.TE:n_te_franchissement_p
wfs,transports,SECUROUT.TE:n_te_prescription
wfs,transports,SECUROUT.TE:n_te_rel_franpres
wfs,transports,SECUROUT.TE:n_te_rel_tronpres
wfs,transports,SECUROUT.TE:n_te_troncon_l
wfs,transports,TRANSPORTS.DRONES.RESTRICTIONS:carte_restriction_drones_lf
wms-r,transports,SECUROUTE.TE.PN
wms-r,transports,SECUROUTE.TE.PND
wms-r,transports,SECUROUTE.TE.ALL
wms-r,transports,SECUROUTE.TE.OA
wms-r,transports,SECUROUTE.TE.1TE
wms-r,transports,SECUROUTE.TE.2TE48
wms-r,transports,SECUROUTE.TE.TE72
wms-r,transports,SECUROUTE.TE.TE94
wms-r,transports,SECUROUTE.TE.TE120
wms-r,transports,TRANSPORTS.DRONES.RESTRICTIONS
wms-r,transports,TRANSPORTNETWORKS.ROADS.DIRECTION
wms-v,transports,TRANSPORTS.AIRNOISE
wms-v,transports,TRANSPORTS.AIRNOISE.DOCS
wms-v,transports,DGAC-PGS_BDD_FXX_WM_WMS
wms-v,transports,DGAC-PGS-POI_BDD_FXX_WM_WM
wms-v,transports,DGAC-PEB_BDD_FXX_WM_WMS
wms-v,transports,DGAC-PEB-POI_BDD_WLD_WM
wms-v,transports,SECUROUTE.TE.PN
wms-v,transports,SECUROUTE.TE.PND
wms-v,transports,SECUROUTE.TE.ALL
wms-v,transports,SECUROUTE.TE.OA
wms-v,transports,SECUROUTE.TE.1TE
wms-v,transports,SECUROUTE.TE.2TE48
wms-v,transports,SECUROUTE.TE.TE72
wms-v,transports,SECUROUTE.TE.TE94
wms-v,transports,SECUROUTE.TE.TE120
wmts,transports,SECUROUTE.TE.PN
wmts,transports,SECUROUTE.TE.PND
wmts,transports,SECUROUTE.TE.ALL
wmts,transports,SECUROUTE.TE.OA
wmts,transports,SECUROUTE.TE.1TE
wmts,transports,SECUROUTE.TE.2TE48
wmts,transports,SECUROUTE.TE.TE72
wmts,transports,SECUROUTE.TE.TE94
wmts,transports,SECUROUTE.TE.TE120
wmts,transports,TRANSPORTS.DRONES.RESTRICTIONS
wmts,transports,TRANSPORTNETWORKS.ROADS.DIRECTION
